{"cameraMode":{"drawMode":0,"name":"Shaded","section":"Shading Mode"},"sceneLighting":true,"audioPlay":false,"sceneViewState":{"m_AlwaysRefresh":false,"showFog":true,"showSkybox":true,"showFlares":true,"showImageEffects":true,"showParticleSystems":true,"showVisualEffectGraphs":true,"m_FxEnabled":true},"in2DMode":false,"pivot":{"x":2.066972255706787,"y":0.7880967855453491,"z":-1.5923542976379395},"rotation":{"x":-0.015798794105648996,"y":0.9746106266975403,"z":-0.21110539138317109,"w":-0.07293816655874253},"size":1.0719423294067383,"orthographic":false}